nacao;campeonato;rodada;ano;dia;home;away;HGHT;AGHT;HGFT;AGFT;odd_home;odd_draw;odd_away;over25;endereco
BRAZIL;SERIE B;ROUND 1;2020;07.08.2020;Cuiaba;Brasil de Pelotas;0;0;0;0;1.76;3.18;4.92;2.74;https://www.flashscore.com/match/S0Pw2KKk/#/match-summary
BRAZIL;SERIE B;ROUND 1;2020;07.08.2020;Confianca;Parana;0;1;2;2;2.37;2.7;3.33;3.28;https://www.flashscore.com/match/GQLZ205q/#/match-summary
BRAZIL;SERIE B;ROUND 1;2020;08.08.2020;Juventude;CRB;1;1;2;1;2.38;2.94;3.1;2.66;https://www.flashscore.com/match/Whp38MsM/#/match-summary
BRAZIL;SERIE B;ROUND 1;2020;08.08.2020;Operario;Figueirense;1;0;3;1;2.4;2.82;3.1;2.84;https://www.flashscore.com/match/2Jua92SF/#/match-summary
BRAZIL;SERIE B;ROUND 1;2020;08.08.2020;Vitoria;Sampaio Correa;1;0;1;0;1.68;3.38;4.97;2.39;https://www.flashscore.com/match/Aqq77tcS/#/match-summary
BRAZIL;SERIE B;ROUND 1;2020;08.08.2020;Cruzeiro;Botafogo SP;0;0;2;1;1.52;3.62;6.04;2.34;https://www.flashscore.com/match/z700l1jj/#/match-summary
BRAZIL;SERIE B;ROUND 1;2020;08.08.2020;Avai;Nautico;2;0;3;1;2.02;3.08;3.77;2.45;https://www.flashscore.com/match/Eca4mL5d/#/match-summary
BRAZIL;SERIE B;ROUND 1;2020;08.08.2020;Ponte Preta;America MG;0;1;0;1;2.62;2.85;2.8;2.62;https://www.flashscore.com/match/t4ijBOc3/#/match-summary
BRAZIL;SERIE B;ROUND 1;2020;08.08.2020;CSA;Guarani;1;0;1;0;nan;nan;nan;nan;https://www.flashscore.com/match/S0mnC4rc/#/match-summary
BRAZIL;SERIE B;ROUND 1;2020;09.08.2020;Oeste;Chapecoense-SC;0;0;0;0;3.12;2.91;2.37;2.66;https://www.flashscore.com/match/OSteArD9/#/match-summary
BRAZIL;SERIE B;ROUND 2;2020;11.08.2020;Sampaio Correa;Juventude;0;0;0;1;3.02;2.85;2.51;2.94;https://www.flashscore.com/match/GppHFwkk/#/match-summary
BRAZIL;SERIE B;ROUND 2;2020;11.08.2020;Brasil de Pelotas;Ponte Preta;0;0;1;1;4.79;3.2;1.78;2.99;https://www.flashscore.com/match/6BboLaRR/#/match-summary
BRAZIL;SERIE B;ROUND 2;2020;11.08.2020;Botafogo SP;Confianca;1;0;2;0;2.37;2.86;3.25;2.86;https://www.flashscore.com/match/Aq5xNLdF/#/match-summary
BRAZIL;SERIE B;ROUND 2;2020;11.08.2020;Parana;Avai;0;0;1;0;3.16;2.76;2.49;2.8;https://www.flashscore.com/match/On9tMuCL/#/match-summary
BRAZIL;SERIE B;ROUND 2;2020;11.08.2020;Guarani;Cruzeiro;1;2;2;3;3.48;2.96;2.18;2.49;https://www.flashscore.com/match/GM5YN1s9/#/match-summary
BRAZIL;SERIE B;ROUND 2;2020;11.08.2020;Nautico;Operario;0;0;0;0;2.3;3.11;3.07;2.32;https://www.flashscore.com/match/8KpDGJZr/#/match-summary
BRAZIL;SERIE B;ROUND 2;2020;11.08.2020;Figueirense;Vitoria;0;0;0;0;2.85;2.75;2.71;2.47;https://www.flashscore.com/match/0ENo0bk2/#/match-summary
BRAZIL;SERIE B;ROUND 2;2020;11.08.2020;America MG;Cuiaba;0;0;0;1;2.03;3.0;3.92;2.59;https://www.flashscore.com/match/MNOs1vzd/#/match-summary
BRAZIL;SERIE B;ROUND 2;2020;12.08.2020;CRB;Oeste;0;0;1;0;1.97;2.97;4.26;3.17;https://www.flashscore.com/match/xW6UOsS2/#/match-summary
BRAZIL;SERIE B;ROUND 3;2020;14.08.2020;America MG;Operario;1;0;1;1;1.74;3.25;4.88;2.46;https://www.flashscore.com/match/x0YPDHJ1/#/match-summary
BRAZIL;SERIE B;ROUND 3;2020;14.08.2020;Ponte Preta;Vitoria;2;2;3;3;2.0;3.03;3.97;2.6;https://www.flashscore.com/match/rcPFzuRE/#/match-summary
BRAZIL;SERIE B;ROUND 3;2020;14.08.2020;Parana;Juventude;2;1;3;1;2.29;2.6;3.64;3.24;https://www.flashscore.com/match/xbslIWAm/#/match-summary
BRAZIL;SERIE B;ROUND 3;2020;15.08.2020;Botafogo SP;Guarani;0;1;0;1;2.64;3.07;2.57;2.67;https://www.flashscore.com/match/b7rpJCes/#/match-summary
BRAZIL;SERIE B;ROUND 3;2020;15.08.2020;Brasil de Pelotas;Oeste;0;0;1;1;2.56;2.78;3.01;3.18;https://www.flashscore.com/match/WKthHjQg/#/match-summary
BRAZIL;SERIE B;ROUND 3;2020;15.08.2020;Nautico;CRB;1;0;1;1;2.36;2.95;3.1;2.58;https://www.flashscore.com/match/U5aeGAu0/#/match-summary
BRAZIL;SERIE B;ROUND 3;2020;16.08.2020;Chapecoense-SC;Sampaio Correa;1;0;1;0;1.47;3.74;7.72;2.66;https://www.flashscore.com/match/jLm4ElAC/#/match-summary
BRAZIL;SERIE B;ROUND 3;2020;16.08.2020;Figueirense;Cruzeiro;0;1;0;1;4.07;3.12;1.92;2.44;https://www.flashscore.com/match/j3xUCyZ7/#/match-summary
BRAZIL;SERIE B;ROUND 4;2020;17.08.2020;Juventude;America MG;0;0;0;0;3.75;2.9;2.12;2.69;https://www.flashscore.com/match/h4OPDxya/#/match-summary
BRAZIL;SERIE B;ROUND 4;2020;18.08.2020;Operario;CSA;0;0;3;0;1.63;3.34;5.73;2.84;https://www.flashscore.com/match/Ch7SEILh/#/match-summary
BRAZIL;SERIE B;ROUND 4;2020;18.08.2020;Avai;Botafogo SP;0;0;0;1;1.79;3.13;4.74;2.65;https://www.flashscore.com/match/boiCCSvP/#/match-summary
BRAZIL;SERIE B;ROUND 4;2020;18.08.2020;Oeste;Ponte Preta;1;1;1;3;4.13;2.9;1.98;2.76;https://www.flashscore.com/match/Y18OFb6n/#/match-summary
BRAZIL;SERIE B;ROUND 4;2020;18.08.2020;Guarani;Parana;1;0;1;2;2.16;2.84;3.68;2.68;https://www.flashscore.com/match/vu9KGvit/#/match-summary
BRAZIL;SERIE B;ROUND 4;2020;18.08.2020;Cuiaba;Confianca;0;0;1;0;1.68;3.32;5.03;2.37;https://www.flashscore.com/match/vLQyBzLH/#/match-summary
BRAZIL;SERIE B;ROUND 4;2020;18.08.2020;CRB;Brasil de Pelotas;0;0;1;0;1.8;3.14;4.59;2.68;https://www.flashscore.com/match/2JHhLKrP/#/match-summary
BRAZIL;SERIE B;ROUND 4;2020;19.08.2020;Vitoria;Nautico;0;0;0;0;1.89;3.21;4.08;2.34;https://www.flashscore.com/match/WfNTCdj5/#/match-summary
BRAZIL;SERIE B;ROUND 4;2020;20.08.2020;Cruzeiro;Chapecoense-SC;0;1;0;1;1.87;3.18;4.24;2.44;https://www.flashscore.com/match/Kfh8D8PI/#/match-summary
BRAZIL;SERIE B;ROUND 5;2020;21.08.2020;America MG;Oeste;1;1;2;1;1.5;3.71;6.94;2.48;https://www.flashscore.com/match/MqGtAfzO/#/match-summary
BRAZIL;SERIE B;ROUND 5;2020;21.08.2020;Ponte Preta;CSA;1;1;2;1;1.54;3.7;6.22;2.32;https://www.flashscore.com/match/jaffTHzn/#/match-summary
BRAZIL;SERIE B;ROUND 5;2020;22.08.2020;Avai;Cuiaba;0;0;0;2;2.58;2.86;2.88;2.84;https://www.flashscore.com/match/0zFp9EkU/#/match-summary
BRAZIL;SERIE B;ROUND 5;2020;22.08.2020;Nautico;Juventude;2;2;3;3;1.99;2.98;4.0;2.7;https://www.flashscore.com/match/IBoBPZZA/#/match-summary
BRAZIL;SERIE B;ROUND 5;2020;22.08.2020;Botafogo SP;Figueirense;0;0;0;1;2.24;2.87;3.43;2.96;https://www.flashscore.com/match/YNqaSyjh/#/match-summary
BRAZIL;SERIE B;ROUND 5;2020;22.08.2020;CRB;Vitoria;1;0;2;2;2.22;2.95;3.35;2.63;https://www.flashscore.com/match/C8ejUcLu/#/match-summary
BRAZIL;SERIE B;ROUND 5;2020;23.08.2020;Parana;Operario;0;0;0;0;2.3;2.79;3.45;3.16;https://www.flashscore.com/match/pbm3Re5b/#/match-summary
BRAZIL;SERIE B;ROUND 5;2020;23.08.2020;Confianca;Cruzeiro;1;1;1;1;6.06;3.33;1.62;2.5;https://www.flashscore.com/match/zmtGOgkH/#/match-summary
BRAZIL;SERIE B;ROUND 5;2020;24.08.2020;Chapecoense-SC;Guarani;2;0;2;0;2.1;2.82;3.72;3.11;https://www.flashscore.com/match/EwuKND4N/#/match-summary
BRAZIL;SERIE B;ROUND 6;2020;28.08.2020;Oeste;Avai;0;1;0;2;3.18;2.79;2.38;3.01;https://www.flashscore.com/match/KhNuuFZc/#/match-summary
BRAZIL;SERIE B;ROUND 6;2020;28.08.2020;Cuiaba;Chapecoense-SC;0;1;2;1;2.03;2.84;4.07;2.92;https://www.flashscore.com/match/SOD0zilT/#/match-summary
BRAZIL;SERIE B;ROUND 6;2020;28.08.2020;Guarani;Nautico;1;0;1;2;1.73;3.53;4.36;2.02;https://www.flashscore.com/match/QH8xteKi/#/match-summary
BRAZIL;SERIE B;ROUND 6;2020;29.08.2020;Juventude;Botafogo SP;0;0;0;0;2.54;2.86;2.96;2.79;https://www.flashscore.com/match/t8Blwg4A/#/match-summary
BRAZIL;SERIE B;ROUND 6;2020;29.08.2020;Vitoria;Parana;0;0;1;0;2.22;2.84;3.54;2.74;https://www.flashscore.com/match/fBFhxDJG/#/match-summary
BRAZIL;SERIE B;ROUND 6;2020;29.08.2020;Figueirense;Confianca;0;0;0;0;2.29;2.7;3.68;3.21;https://www.flashscore.com/match/pMVkIiSp/#/match-summary
BRAZIL;SERIE B;ROUND 6;2020;29.08.2020;Cruzeiro;America MG;0;2;1;2;2.46;2.81;3.03;2.66;https://www.flashscore.com/match/80vOMXJT/#/match-summary
BRAZIL;SERIE B;ROUND 6;2020;29.08.2020;Sampaio Correa;Ponte Preta;0;2;1;2;4.82;3.06;1.8;2.78;https://www.flashscore.com/match/lYEdyXYM/#/match-summary
BRAZIL;SERIE B;ROUND 6;2020;30.08.2020;Operario;Brasil de Pelotas;1;1;2;1;1.74;3.16;5.14;2.82;https://www.flashscore.com/match/bqMqvZl4/#/match-summary
BRAZIL;SERIE B;ROUND 6;2020;30.08.2020;CSA;CRB;0;2;0;2;3.41;2.79;2.27;2.81;https://www.flashscore.com/match/nR9Yty5o/#/match-summary
BRAZIL;SERIE B;ROUND 7;2020;31.08.2020;Guarani;Oeste;0;0;1;1;1.83;3.11;4.58;2.65;https://www.flashscore.com/match/CnnJhY3c/#/match-summary
BRAZIL;SERIE B;ROUND 7;2020;01.09.2020;Botafogo SP;Cuiaba;0;1;1;1;3.3;2.81;2.29;2.82;https://www.flashscore.com/match/fByOihJ3/#/match-summary
BRAZIL;SERIE B;ROUND 7;2020;01.09.2020;Parana;Ponte Preta;1;1;2;1;2.86;2.79;2.66;2.73;https://www.flashscore.com/match/Y1zSjCY9/#/match-summary
BRAZIL;SERIE B;ROUND 7;2020;01.09.2020;Chapecoense-SC;Juventude;0;0;1;0;2.0;2.96;3.99;2.75;https://www.flashscore.com/match/zTe8Wsme/#/match-summary
BRAZIL;SERIE B;ROUND 7;2020;01.09.2020;Nautico;Figueirense;0;0;1;0;2.03;2.94;3.8;2.64;https://www.flashscore.com/match/v12aY3Ir/#/match-summary
BRAZIL;SERIE B;ROUND 7;2020;01.09.2020;Confianca;Vitoria;0;0;1;0;2.75;2.8;2.66;2.73;https://www.flashscore.com/match/MPi4XNXl/#/match-summary
BRAZIL;SERIE B;ROUND 7;2020;02.09.2020;Avai;Operario;2;0;2;0;2.34;2.84;3.27;2.99;https://www.flashscore.com/match/n9fXUUBj/#/match-summary
BRAZIL;SERIE B;ROUND 7;2020;02.09.2020;America MG;CSA;1;0;2;1;1.35;4.18;9.29;2.16;https://www.flashscore.com/match/8IeTVAdp/#/match-summary
BRAZIL;SERIE B;ROUND 7;2020;02.09.2020;CRB;Sampaio Correa;0;1;2;2;1.78;3.24;4.7;2.41;https://www.flashscore.com/match/0CrFgEli/#/match-summary
BRAZIL;SERIE B;ROUND 7;2020;02.09.2020;Brasil de Pelotas;Cruzeiro;0;0;1;0;4.72;3.17;1.8;2.81;https://www.flashscore.com/match/2yuWkWmG/#/match-summary
BRAZIL;SERIE B;ROUND 8;2020;04.09.2020;Figueirense;Parana;0;0;0;1;2.49;2.62;3.3;3.06;https://www.flashscore.com/match/8tfGULH7/#/match-summary
BRAZIL;SERIE B;ROUND 8;2020;04.09.2020;Ponte Preta;Botafogo SP;0;0;1;0;2.08;3.0;3.68;2.53;https://www.flashscore.com/match/nPbehP9E/#/match-summary
BRAZIL;SERIE B;ROUND 8;2020;05.09.2020;Oeste;Juventude;0;1;1;3;2.54;2.84;2.91;2.72;https://www.flashscore.com/match/tnbaiqPK/#/match-summary
BRAZIL;SERIE B;ROUND 8;2020;05.09.2020;Vitoria;Cuiaba;2;1;4;2;2.8;2.96;2.55;2.48;https://www.flashscore.com/match/vNwzos2l/#/match-summary
BRAZIL;SERIE B;ROUND 8;2020;05.09.2020;CSA;Confianca;1;0;1;1;2.65;2.77;2.86;2.93;https://www.flashscore.com/match/8Yaig5f8/#/match-summary
BRAZIL;SERIE B;ROUND 8;2020;05.09.2020;Sampaio Correa;America MG;0;0;1;0;4.9;3.38;1.69;2.42;https://www.flashscore.com/match/8drvp1Hf/#/match-summary
BRAZIL;SERIE B;ROUND 8;2020;05.09.2020;Operario;Guarani;1;1;1;2;2.29;2.88;3.34;2.79;https://www.flashscore.com/match/fk23j3vR/#/match-summary
BRAZIL;SERIE B;ROUND 8;2020;05.09.2020;Brasil de Pelotas;Nautico;1;0;2;1;2.96;2.83;2.54;2.7;https://www.flashscore.com/match/0WvWoNnr/#/match-summary
BRAZIL;SERIE B;ROUND 8;2020;06.09.2020;Chapecoense-SC;Avai;0;0;1;0;2.33;2.81;3.23;2.91;https://www.flashscore.com/match/nmsrqLW0/#/match-summary
BRAZIL;SERIE B;ROUND 8;2020;07.09.2020;Cruzeiro;CRB;1;0;1;1;1.88;3.16;4.14;2.45;https://www.flashscore.com/match/UkeCV121/#/match-summary
BRAZIL;SERIE B;ROUND 9;2020;08.09.2020;Juventude;Confianca;0;1;3;1;2.07;2.82;4.1;3.04;https://www.flashscore.com/match/YcICb0Wm/#/match-summary
BRAZIL;SERIE B;ROUND 9;2020;08.09.2020;Cuiaba;Figueirense;0;0;0;0;1.62;3.49;5.65;2.66;https://www.flashscore.com/match/8GAPebG6/#/match-summary
BRAZIL;SERIE B;ROUND 9;2020;09.09.2020;Parana;America MG;0;0;0;1;3.18;2.87;2.35;2.66;https://www.flashscore.com/match/vyJ8atHs/#/match-summary
BRAZIL;SERIE B;ROUND 9;2020;11.09.2020;Avai;Ponte Preta;0;0;0;1;3.03;2.79;2.44;2.66;https://www.flashscore.com/match/Sdkjsa1D/#/match-summary
BRAZIL;SERIE B;ROUND 9;2020;11.09.2020;Cruzeiro;Vitoria;0;0;1;0;1.68;3.37;4.9;2.3;https://www.flashscore.com/match/UBWnrun7/#/match-summary
BRAZIL;SERIE B;ROUND 9;2020;12.09.2020;Guarani;Brasil de Pelotas;0;0;0;0;1.7;3.24;5.36;2.66;https://www.flashscore.com/match/Kjxx52gK/#/match-summary
BRAZIL;SERIE B;ROUND 9;2020;12.09.2020;Sampaio Correa;Operario;0;0;0;1;3.02;2.9;2.46;2.69;https://www.flashscore.com/match/UPBLdv10/#/match-summary
BRAZIL;SERIE B;ROUND 9;2020;12.09.2020;Nautico;Botafogo SP;3;0;3;1;2.64;2.95;2.61;2.46;https://www.flashscore.com/match/n1MGcKof/#/match-summary
BRAZIL;SERIE B;ROUND 9;2020;13.09.2020;Oeste;CSA;1;1;2;1;2.48;2.8;3.07;2.77;https://www.flashscore.com/match/xSWt4M8Q/#/match-summary
BRAZIL;SERIE B;ROUND 10;2020;14.09.2020;Parana;CRB;1;0;2;0;2.42;2.84;3.08;2.98;https://www.flashscore.com/match/6BxjCJ0m/#/match-summary
BRAZIL;SERIE B;ROUND 10;2020;14.09.2020;Juventude;Vitoria;1;0;1;1;2.26;3.12;3.06;2.05;https://www.flashscore.com/match/OnXfBwGg/#/match-summary
BRAZIL;SERIE B;ROUND 3;2020;15.09.2020;Confianca;Avai;0;1;2;2;2.53;2.44;3.51;2.86;https://www.flashscore.com/match/CUl0FUf6/#/match-summary
BRAZIL;SERIE B;ROUND 3;2020;16.09.2020;CSA;Cuiaba;1;1;1;2;3.37;2.99;2.17;2.27;https://www.flashscore.com/match/46QByLB8/#/match-summary
BRAZIL;SERIE B;ROUND 10;2020;18.09.2020;Confianca;Guarani;0;0;1;0;2.78;2.71;2.8;2.99;https://www.flashscore.com/match/d0V29Hp6/#/match-summary
BRAZIL;SERIE B;ROUND 10;2020;18.09.2020;Nautico;Chapecoense-SC;0;0;1;1;2.72;2.84;2.73;2.69;https://www.flashscore.com/match/2wWbAcVa/#/match-summary
BRAZIL;SERIE B;ROUND 10;2020;19.09.2020;America MG;Figueirense;0;0;0;1;1.75;3.13;5.09;2.73;https://www.flashscore.com/match/GtATfIVC/#/match-summary
BRAZIL;SERIE B;ROUND 10;2020;19.09.2020;Ponte Preta;Operario;1;0;1;1;1.85;3.12;4.4;2.37;https://www.flashscore.com/match/AuiKHuwQ/#/match-summary
BRAZIL;SERIE B;ROUND 10;2020;19.09.2020;Cuiaba;Oeste;2;0;3;0;1.62;3.49;5.46;2.2;https://www.flashscore.com/match/8zZ68y0C/#/match-summary
BRAZIL;SERIE B;ROUND 10;2020;19.09.2020;CSA;Cruzeiro;2;0;3;1;4.4;3.21;1.83;2.46;https://www.flashscore.com/match/dxmGILNJ/#/match-summary
BRAZIL;SERIE B;ROUND 10;2020;20.09.2020;Avai;Sampaio Correa;1;3;2;5;1.86;3.14;4.4;2.56;https://www.flashscore.com/match/fX8XgxoJ/#/match-summary
BRAZIL;SERIE B;ROUND 10;2020;21.09.2020;Botafogo SP;Brasil de Pelotas;0;0;0;1;1.74;3.12;5.25;2.85;https://www.flashscore.com/match/SKwnDaos/#/match-summary
BRAZIL;SERIE B;ROUND 11;2020;22.09.2020;Operario;Cuiaba;1;0;1;1;2.92;2.97;2.44;2.32;https://www.flashscore.com/match/GtdYOdpg/#/match-summary
BRAZIL;SERIE B;ROUND 11;2020;25.09.2020;Chapecoense-SC;America MG;0;0;0;0;2.85;2.86;2.56;2.81;https://www.flashscore.com/match/f7PtLEqI/#/match-summary
BRAZIL;SERIE B;ROUND 11;2020;25.09.2020;Botafogo SP;CRB;1;1;1;2;2.27;2.85;3.34;3.12;https://www.flashscore.com/match/2whUPxVn/#/match-summary
BRAZIL;SERIE B;ROUND 11;2020;25.09.2020;Cruzeiro;Avai;0;0;0;1;1.62;3.48;5.58;2.23;https://www.flashscore.com/match/jaOB7eFI/#/match-summary
BRAZIL;SERIE B;ROUND 11;2020;26.09.2020;Figueirense;Guarani;1;2;2;2;2.82;2.59;2.88;3.24;https://www.flashscore.com/match/UkNF6FUO/#/match-summary
BRAZIL;SERIE B;ROUND 11;2020;26.09.2020;CSA;Juventude;2;0;3;2;2.56;2.92;2.85;2.66;https://www.flashscore.com/match/I5GcVb7P/#/match-summary
BRAZIL;SERIE B;ROUND 11;2020;26.09.2020;Vitoria;Oeste;1;1;3;1;1.7;3.4;4.78;2.17;https://www.flashscore.com/match/lfftNzF5/#/match-summary
BRAZIL;SERIE B;ROUND 11;2020;26.09.2020;Brasil de Pelotas;Parana;0;0;1;1;3.26;2.6;2.54;3.55;https://www.flashscore.com/match/A3exOGaa/#/match-summary
BRAZIL;SERIE B;ROUND 11;2020;27.09.2020;Ponte Preta;Confianca;0;0;2;1;1.63;3.42;5.71;2.58;https://www.flashscore.com/match/KE2PQIFt/#/match-summary
BRAZIL;SERIE B;ROUND 12;2020;28.09.2020;CRB;America MG;0;0;0;0;3.41;2.92;2.2;2.67;https://www.flashscore.com/match/2BVdRk6i/#/match-summary
BRAZIL;SERIE B;ROUND 12;2020;29.09.2020;Vitoria;CSA;0;1;0;1;1.8;3.46;4.14;1.96;https://www.flashscore.com/match/rRQHMRKM/#/match-summary
BRAZIL;SERIE B;ROUND 12;2020;29.09.2020;Juventude;Operario;0;0;1;0;2.43;2.94;3.0;2.35;https://www.flashscore.com/match/WjNDN75G/#/match-summary
BRAZIL;SERIE B;ROUND 12;2020;29.09.2020;Avai;Figueirense;0;0;1;0;2.56;2.69;3.19;3.28;https://www.flashscore.com/match/06iE26Tj/#/match-summary
BRAZIL;SERIE B;ROUND 12;2020;29.09.2020;Oeste;Botafogo SP;0;0;0;1;3.76;2.88;2.16;2.61;https://www.flashscore.com/match/AyZ4PTz4/#/match-summary
BRAZIL;SERIE B;ROUND 12;2020;29.09.2020;Parana;Chapecoense-SC;0;0;1;1;2.8;2.65;2.94;3.38;https://www.flashscore.com/match/lSX8OmjA/#/match-summary
BRAZIL;SERIE B;ROUND 12;2020;29.09.2020;Guarani;Sampaio Correa;1;0;1;1;2.01;3.18;3.79;2.44;https://www.flashscore.com/match/t2U0Q9Lc/#/match-summary
BRAZIL;SERIE B;ROUND 12;2020;29.09.2020;Cuiaba;Nautico;0;0;1;0;1.65;3.62;5.05;1.94;https://www.flashscore.com/match/vcCmH5rp/#/match-summary
BRAZIL;SERIE B;ROUND 12;2020;30.09.2020;Confianca;Brasil de Pelotas;0;1;1;1;2.37;2.6;3.64;3.67;https://www.flashscore.com/match/xlQLLozT/#/match-summary
BRAZIL;SERIE B;ROUND 12;2020;30.09.2020;Cruzeiro;Ponte Preta;2;0;3;0;2.17;3.04;3.39;2.35;https://www.flashscore.com/match/n3mA3nEp/#/match-summary
BRAZIL;SERIE B;ROUND 13;2020;02.10.2020;Figueirense;Oeste;2;1;4;1;2.48;2.68;3.3;2.76;https://www.flashscore.com/match/zP5dFqDd/#/match-summary
BRAZIL;SERIE B;ROUND 13;2020;02.10.2020;Operario;Vitoria;0;0;1;1;2.48;2.94;2.94;2.43;https://www.flashscore.com/match/OpniyRZF/#/match-summary
BRAZIL;SERIE B;ROUND 13;2020;02.10.2020;CRB;Avai;1;0;3;1;2.14;2.88;3.84;2.58;https://www.flashscore.com/match/lSgvvTkc/#/match-summary
BRAZIL;SERIE B;ROUND 13;2020;02.10.2020;Botafogo SP;Parana;1;0;1;0;2.09;2.9;3.8;3.12;https://www.flashscore.com/match/pfmmx7K9/#/match-summary
BRAZIL;SERIE B;ROUND 13;2020;03.10.2020;America MG;Guarani;0;0;0;0;1.62;3.46;5.72;2.62;https://www.flashscore.com/match/dY6hGPcj/#/match-summary
BRAZIL;SERIE B;ROUND 13;2020;03.10.2020;Nautico;Confianca;0;1;0;1;2.05;3.09;3.81;2.43;https://www.flashscore.com/match/A1paZ44S/#/match-summary
BRAZIL;SERIE B;ROUND 13;2020;03.10.2020;Sampaio Correa;CSA;1;0;1;0;2.18;3.08;3.37;2.39;https://www.flashscore.com/match/GrNRUOCq/#/match-summary
BRAZIL;SERIE B;ROUND 13;2020;03.10.2020;Brasil de Pelotas;Chapecoense-SC;0;0;0;1;3.38;2.72;2.39;3.31;https://www.flashscore.com/match/WAoezokM/#/match-summary
BRAZIL;SERIE B;ROUND 13;2020;03.10.2020;Ponte Preta;Juventude;0;1;1;3;2.17;3.06;3.38;2.34;https://www.flashscore.com/match/2Vcrwm53/#/match-summary
BRAZIL;SERIE B;ROUND 13;2020;03.10.2020;Cuiaba;Cruzeiro;0;0;1;0;2.39;3.06;3.03;2.4;https://www.flashscore.com/match/UoRVTrSk/#/match-summary
BRAZIL;SERIE B;ROUND 14;2020;05.10.2020;Oeste;Operario;0;1;0;1;2.96;2.8;2.51;2.94;https://www.flashscore.com/match/EcgSYhVE/#/match-summary
BRAZIL;SERIE B;ROUND 14;2020;06.10.2020;Confianca;CRB;0;0;1;0;2.56;2.73;3.05;3.18;https://www.flashscore.com/match/Qkh6RANl/#/match-summary
BRAZIL;SERIE B;ROUND 14;2020;06.10.2020;Chapecoense-SC;Botafogo SP;0;0;1;0;2.33;2.7;3.4;3.35;https://www.flashscore.com/match/4tiAQUxe/#/match-summary
BRAZIL;SERIE B;ROUND 14;2020;06.10.2020;Vitoria;America MG;0;2;1;2;3.5;3.06;2.12;2.13;https://www.flashscore.com/match/f71zXWaR/#/match-summary
BRAZIL;SERIE B;ROUND 14;2020;06.10.2020;Parana;Nautico;0;0;0;0;1.82;3.18;4.38;2.56;https://www.flashscore.com/match/CrCVXCpL/#/match-summary
BRAZIL;SERIE B;ROUND 14;2020;06.10.2020;Juventude;Cuiaba;0;1;1;1;2.76;2.86;2.66;2.37;https://www.flashscore.com/match/dGm2Sj8r/#/match-summary
BRAZIL;SERIE B;ROUND 14;2020;06.10.2020;CSA;Figueirense;2;0;3;0;2.36;2.76;3.38;3.24;https://www.flashscore.com/match/tpeKzF02/#/match-summary
BRAZIL;SERIE B;ROUND 14;2020;06.10.2020;Avai;Brasil de Pelotas;1;0;2;1;1.92;2.94;4.39;2.92;https://www.flashscore.com/match/2aPwSMd2/#/match-summary
BRAZIL;SERIE B;ROUND 14;2020;06.10.2020;Ponte Preta;Guarani;1;0;2;0;2.04;3.0;3.88;2.58;https://www.flashscore.com/match/KzfOZYF8/#/match-summary
BRAZIL;SERIE B;ROUND 14;2020;08.10.2020;Cruzeiro;Sampaio Correa;1;1;1;2;1.59;3.58;6.0;2.24;https://www.flashscore.com/match/O8QZS2sd/#/match-summary
BRAZIL;SERIE B;ROUND 15;2020;09.10.2020;Figueirense;Chapecoense-SC;0;0;0;0;3.47;2.71;2.39;3.24;https://www.flashscore.com/match/08pJO877/#/match-summary
BRAZIL;SERIE B;ROUND 15;2020;09.10.2020;Operario;Confianca;1;1;1;1;2.29;2.84;3.51;2.84;https://www.flashscore.com/match/C4m6pjUQ/#/match-summary
BRAZIL;SERIE B;ROUND 15;2020;09.10.2020;Cuiaba;Ponte Preta;1;0;2;1;2.07;3.17;3.59;2.23;https://www.flashscore.com/match/42Spw8M0/#/match-summary
BRAZIL;SERIE B;ROUND 15;2020;09.10.2020;America MG;Nautico;1;0;2;0;1.39;4.21;8.39;2.02;https://www.flashscore.com/match/n5tFPlh1/#/match-summary
BRAZIL;SERIE B;ROUND 15;2020;10.10.2020;Juventude;Brasil de Pelotas;0;2;1;2;1.68;3.36;5.34;2.38;https://www.flashscore.com/match/UqzYuAxr/#/match-summary
BRAZIL;SERIE B;ROUND 15;2020;10.10.2020;Vitoria;Avai;1;2;1;2;1.8;3.45;4.23;1.98;https://www.flashscore.com/match/rmvxuUil/#/match-summary
BRAZIL;SERIE B;ROUND 15;2020;10.10.2020;Guarani;CRB;2;1;3;1;2.28;2.91;3.41;2.72;https://www.flashscore.com/match/h2X4nCaE/#/match-summary
BRAZIL;SERIE B;ROUND 15;2020;10.10.2020;CSA;Parana;3;0;4;0;2.26;2.8;3.56;3.22;https://www.flashscore.com/match/EBY0mhp8/#/match-summary
BRAZIL;SERIE B;ROUND 15;2020;11.10.2020;Oeste;Cruzeiro;0;0;0;0;4.59;3.35;1.78;2.28;https://www.flashscore.com/match/YDl2oWEK/#/match-summary
BRAZIL;SERIE B;ROUND 15;2020;11.10.2020;Sampaio Correa;Botafogo SP;1;0;2;0;2.45;2.93;3.06;2.37;https://www.flashscore.com/match/QBTtvl7f/#/match-summary
BRAZIL;SERIE B;ROUND 16;2020;12.10.2020;Nautico;Ponte Preta;0;0;0;2;2.87;2.99;2.5;2.2;https://www.flashscore.com/match/hMTLvLc5/#/match-summary
BRAZIL;SERIE B;ROUND 16;2020;13.10.2020;Avai;CSA;1;1;1;1;2.42;2.93;3.1;2.34;https://www.flashscore.com/match/CSVhyniD/#/match-summary
BRAZIL;SERIE B;ROUND 16;2020;13.10.2020;Guarani;Cuiaba;1;0;1;0;3.48;2.96;2.23;2.7;https://www.flashscore.com/match/Otx5r3bt/#/match-summary
BRAZIL;SERIE B;ROUND 4;2020;14.10.2020;Sampaio Correa;Figueirense;1;0;3;0;1.68;3.41;5.38;2.46;https://www.flashscore.com/match/QHMXBG5B/#/match-summary
BRAZIL;SERIE B;ROUND 9;2020;14.10.2020;CRB;Chapecoense-SC;0;0;0;1;2.81;2.56;3.06;3.32;https://www.flashscore.com/match/t0wY5rvE/#/match-summary
BRAZIL;SERIE B;ROUND 16;2020;16.10.2020;Botafogo SP;America MG;0;0;1;2;3.34;3.02;2.26;2.58;https://www.flashscore.com/match/I3y9sNDn/#/match-summary
BRAZIL;SERIE B;ROUND 16;2020;16.10.2020;Cruzeiro;Juventude;0;0;0;0;1.99;3.34;3.59;2.04;https://www.flashscore.com/match/YyXlxSy7/#/match-summary
BRAZIL;SERIE B;ROUND 16;2020;17.10.2020;Chapecoense-SC;Vitoria;1;0;1;1;2.13;3.16;3.52;2.38;https://www.flashscore.com/match/0nXTxaSH/#/match-summary
BRAZIL;SERIE B;ROUND 16;2020;17.10.2020;Confianca;Oeste;3;1;3;1;1.9;3.16;4.39;2.58;https://www.flashscore.com/match/nqTPwuDB/#/match-summary
BRAZIL;SERIE B;ROUND 16;2020;17.10.2020;CRB;Operario;1;1;4;1;2.36;2.91;3.3;2.65;https://www.flashscore.com/match/EX9y0VTD/#/match-summary
BRAZIL;SERIE B;ROUND 16;2020;17.10.2020;Brasil de Pelotas;Figueirense;0;0;0;0;nan;nan;nan;nan;https://www.flashscore.com/match/EVUHu1ra/#/match-summary
BRAZIL;SERIE B;ROUND 16;2020;18.10.2020;Parana;Sampaio Correa;0;0;0;0;2.42;2.92;3.17;2.75;https://www.flashscore.com/match/dfzDtsTh/#/match-summary
BRAZIL;SERIE B;ROUND 17;2020;20.10.2020;America MG;Brasil de Pelotas;2;1;3;1;1.47;3.82;7.82;2.56;https://www.flashscore.com/match/rBMYyJsO/#/match-summary
BRAZIL;SERIE B;ROUND 17;2020;20.10.2020;Oeste;Nautico;0;0;0;1;2.84;2.9;2.7;2.62;https://www.flashscore.com/match/Kj0jf0ch/#/match-summary
BRAZIL;SERIE B;ROUND 17;2020;20.10.2020;Juventude;Avai;1;0;3;0;1.99;3.26;3.8;2.15;https://www.flashscore.com/match/SG3bhvS4/#/match-summary
BRAZIL;SERIE B;ROUND 17;2020;20.10.2020;CSA;Botafogo SP;0;0;1;0;2.27;2.95;3.34;2.84;https://www.flashscore.com/match/byCsdMSu/#/match-summary
BRAZIL;SERIE B;ROUND 17;2020;20.10.2020;Ponte Preta;Chapecoense-SC;0;2;0;5;2.48;2.81;3.22;2.82;https://www.flashscore.com/match/xSAoetrn/#/match-summary
BRAZIL;SERIE B;ROUND 17;2020;20.10.2020;Operario;Cruzeiro;0;0;0;1;3.84;2.91;2.12;2.86;https://www.flashscore.com/match/Yg4fgKCb/#/match-summary
BRAZIL;SERIE B;ROUND 17;2020;21.10.2020;Figueirense;CRB;1;0;2;0;3.2;2.64;2.57;3.3;https://www.flashscore.com/match/M1LxywcU/#/match-summary
BRAZIL;SERIE B;ROUND 17;2020;21.10.2020;Sampaio Correa;Confianca;0;2;1;3;2.36;2.92;3.27;2.51;https://www.flashscore.com/match/Orc7jIdH/#/match-summary
BRAZIL;SERIE B;ROUND 17;2020;21.10.2020;Cuiaba;Parana;1;1;3;3;1.78;3.17;5.05;2.62;https://www.flashscore.com/match/2ZeBkxCN/#/match-summary
BRAZIL;SERIE B;ROUND 17;2020;22.10.2020;Vitoria;Guarani;1;0;1;1;2.01;3.26;3.72;2.15;https://www.flashscore.com/match/6722ibsB/#/match-summary
BRAZIL;SERIE B;ROUND 18;2020;23.10.2020;Brasil de Pelotas;CSA;1;1;1;1;3.09;2.71;2.58;3.43;https://www.flashscore.com/match/2ZHt5HBA/#/match-summary
BRAZIL;SERIE B;ROUND 18;2020;23.10.2020;Chapecoense-SC;Operario;0;0;1;0;1.8;3.09;4.91;2.63;https://www.flashscore.com/match/ljKh2FeT/#/match-summary
BRAZIL;SERIE B;ROUND 18;2020;24.10.2020;CRB;Ponte Preta;1;0;1;0;2.49;2.88;3.08;2.25;https://www.flashscore.com/match/YgQP8aCo/#/match-summary
BRAZIL;SERIE B;ROUND 18;2020;24.10.2020;Sampaio Correa;Cuiaba;2;0;3;0;2.6;3.07;2.77;2.21;https://www.flashscore.com/match/AaLl3etN/#/match-summary
BRAZIL;SERIE B;ROUND 18;2020;24.10.2020;America MG;Confianca;1;0;2;1;1.62;3.44;6.24;2.39;https://www.flashscore.com/match/ddeFldRT/#/match-summary
BRAZIL;SERIE B;ROUND 18;2020;25.10.2020;Nautico;Cruzeiro;1;0;1;1;3.69;3.02;2.11;2.56;https://www.flashscore.com/match/GxMp4yRG/#/match-summary
BRAZIL;SERIE B;ROUND 18;2020;25.10.2020;Guarani;Avai;1;0;2;1;2.34;3.05;3.19;2.63;https://www.flashscore.com/match/CpPT7JRi/#/match-summary
BRAZIL;SERIE B;ROUND 18;2020;25.10.2020;Figueirense;Juventude;0;1;1;1;3.42;2.9;2.29;2.58;https://www.flashscore.com/match/WlnspGZp/#/match-summary
BRAZIL;SERIE B;ROUND 18;2020;25.10.2020;Botafogo SP;Vitoria;1;0;2;1;2.33;2.97;3.17;2.32;https://www.flashscore.com/match/tKTX6wsb/#/match-summary
BRAZIL;SERIE B;ROUND 18;2020;26.10.2020;Parana;Oeste;1;0;4;0;1.76;3.16;5.01;2.8;https://www.flashscore.com/match/KASy6cd4/#/match-summary
BRAZIL;SERIE B;ROUND 2;2020;27.10.2020;Chapecoense-SC;CSA;0;0;0;0;1.87;2.94;4.72;3.22;https://www.flashscore.com/match/fyqLEc4e/#/match-summary
BRAZIL;SERIE B;ROUND 19;2020;30.10.2020;Vitoria;Brasil de Pelotas;0;0;0;0;1.59;3.61;5.52;2.17;https://www.flashscore.com/match/Sd7KGEAM/#/match-summary
BRAZIL;SERIE B;ROUND 19;2020;30.10.2020;Cruzeiro;Parana;2;0;2;0;1.9;3.08;4.37;2.77;https://www.flashscore.com/match/hKODcZ3p/#/match-summary
BRAZIL;SERIE B;ROUND 19;2020;31.10.2020;Oeste;Sampaio Correa;0;2;0;3;3.76;3.15;2.03;2.27;https://www.flashscore.com/match/tt58JGQ3/#/match-summary
BRAZIL;SERIE B;ROUND 19;2020;31.10.2020;Confianca;Chapecoense-SC;0;1;0;2;2.67;2.75;2.93;3.08;https://www.flashscore.com/match/ALdPFYPS/#/match-summary
BRAZIL;SERIE B;ROUND 19;2020;31.10.2020;Operario;Botafogo SP;0;0;0;0;2.62;2.84;2.91;2.84;https://www.flashscore.com/match/KW3CIztA/#/match-summary
BRAZIL;SERIE B;ROUND 19;2020;31.10.2020;Avai;America MG;0;0;1;0;3.38;3.15;2.16;2.36;https://www.flashscore.com/match/WANHdgJj/#/match-summary
BRAZIL;SERIE B;ROUND 19;2020;31.10.2020;CSA;Nautico;2;1;3;1;1.99;3.09;3.93;2.52;https://www.flashscore.com/match/pEBaLxdi/#/match-summary
BRAZIL;SERIE B;ROUND 19;2020;31.10.2020;Cuiaba;CRB;0;0;3;0;1.5;3.79;7.22;2.29;https://www.flashscore.com/match/WO2jBhYq/#/match-summary
BRAZIL;SERIE B;ROUND 19;2020;01.11.2020;Juventude;Guarani;1;0;1;0;2.01;3.13;3.84;2.4;https://www.flashscore.com/match/l68GHfeG/#/match-summary
BRAZIL;SERIE B;ROUND 19;2020;02.11.2020;Ponte Preta;Figueirense;0;1;2;1;1.67;3.35;5.59;2.52;https://www.flashscore.com/match/bHF3KdBc/#/match-summary
BRAZIL;SERIE B;ROUND 5;2020;03.11.2020;Brasil de Pelotas;Sampaio Correa;0;0;0;0;3.34;2.93;2.29;2.66;https://www.flashscore.com/match/vLn7QFK4/#/match-summary
BRAZIL;SERIE B;ROUND 20;2020;06.11.2020;Nautico;Avai;0;1;2;2;2.57;2.93;2.83;2.39;https://www.flashscore.com/match/880NDofr/#/match-summary
BRAZIL;SERIE B;ROUND 20;2020;06.11.2020;Guarani;CSA;1;1;2;1;2.44;2.82;3.15;2.69;https://www.flashscore.com/match/KpqoXZf3/#/match-summary
BRAZIL;SERIE B;ROUND 20;2020;06.11.2020;Botafogo SP;Cruzeiro;0;0;0;1;3.9;2.86;2.09;2.95;https://www.flashscore.com/match/E7rkWgA9/#/match-summary
BRAZIL;SERIE B;ROUND 20;2020;06.11.2020;Parana;Confianca;0;0;1;1;2.37;2.74;3.35;3.25;https://www.flashscore.com/match/SAngVDPF/#/match-summary
BRAZIL;SERIE B;ROUND 20;2020;07.11.2020;Brasil de Pelotas;Cuiaba;2;0;3;0;3.14;2.8;2.47;2.79;https://www.flashscore.com/match/naaRC59l/#/match-summary
BRAZIL;SERIE B;ROUND 20;2020;07.11.2020;Figueirense;Operario;0;0;0;1;3.61;2.72;2.3;3.03;https://www.flashscore.com/match/4x1b9W2d/#/match-summary
BRAZIL;SERIE B;ROUND 20;2020;07.11.2020;America MG;Ponte Preta;1;0;1;1;1.8;3.27;4.52;2.25;https://www.flashscore.com/match/Qo2fACmj/#/match-summary
BRAZIL;SERIE B;ROUND 20;2020;07.11.2020;Chapecoense-SC;Oeste;0;0;0;0;1.37;4.16;8.9;2.25;https://www.flashscore.com/match/YFcZAqv1/#/match-summary
BRAZIL;SERIE B;ROUND 20;2020;08.11.2020;Sampaio Correa;Vitoria;0;1;2;1;2.21;2.99;3.51;2.25;https://www.flashscore.com/match/fPbVBPOf/#/match-summary
BRAZIL;SERIE B;ROUND 20;2020;08.11.2020;CRB;Juventude;0;0;0;1;2.58;2.95;2.85;2.19;https://www.flashscore.com/match/tfpsYFuc/#/match-summary
BRAZIL;SERIE B;ROUND 21;2020;09.11.2020;Cruzeiro;Guarani;2;2;3;3;1.62;3.38;6.07;2.59;https://www.flashscore.com/match/GvmvA3g7/#/match-summary
BRAZIL;SERIE B;ROUND 21;2020;10.11.2020;CSA;Chapecoense-SC;0;0;0;1;2.9;2.74;2.66;3.0;https://www.flashscore.com/match/rouQX6oE/#/match-summary
BRAZIL;SERIE B;ROUND 21;2020;10.11.2020;Confianca;Botafogo SP;0;0;1;0;2.04;2.91;4.1;2.96;https://www.flashscore.com/match/UsDDO280/#/match-summary
BRAZIL;SERIE B;ROUND 21;2020;12.11.2020;Vitoria;Figueirense;2;0;3;0;1.61;3.38;5.8;2.45;https://www.flashscore.com/match/nJN8Prgf/#/match-summary
BRAZIL;SERIE B;ROUND 21;2020;13.11.2020;Ponte Preta;Brasil de Pelotas;1;1;1;1;1.74;3.37;4.79;2.29;https://www.flashscore.com/match/MyvUWQ0K/#/match-summary
BRAZIL;SERIE B;ROUND 21;2020;13.11.2020;Operario;Nautico;1;0;3;1;2.01;3.09;3.9;2.48;https://www.flashscore.com/match/tMK0R4Os/#/match-summary
BRAZIL;SERIE B;ROUND 21;2020;13.11.2020;Avai;Parana;1;1;2;1;2.6;2.68;3.1;2.91;https://www.flashscore.com/match/Usir9N8D/#/match-summary
BRAZIL;SERIE B;ROUND 21;2020;13.11.2020;Oeste;CRB;0;1;1;2;3.28;2.98;2.29;2.48;https://www.flashscore.com/match/vDYYVpGQ/#/match-summary
BRAZIL;SERIE B;ROUND 21;2020;14.11.2020;Juventude;Sampaio Correa;1;2;2;3;2.26;2.92;3.46;2.27;https://www.flashscore.com/match/zqK4QOwl/#/match-summary
BRAZIL;SERIE B;ROUND 21;2020;14.11.2020;Cuiaba;America MG;0;0;0;0;3.16;2.88;2.46;2.37;https://www.flashscore.com/match/8YBHNMN6/#/match-summary
BRAZIL;SERIE B;ROUND 11;2020;17.11.2020;Sampaio Correa;Nautico;0;0;2;1;1.56;3.6;5.99;2.08;https://www.flashscore.com/match/GGQxMfUB/#/match-summary
BRAZIL;SERIE B;ROUND 22;2020;20.11.2020;Vitoria;Ponte Preta;0;0;0;0;2.0;3.31;3.67;2.1;https://www.flashscore.com/match/YkErxMx0/#/match-summary
BRAZIL;SERIE B;ROUND 22;2020;20.11.2020;Avai;Confianca;1;0;1;0;3.03;2.9;2.51;2.56;https://www.flashscore.com/match/GbFPL0hJ/#/match-summary
BRAZIL;SERIE B;ROUND 22;2020;20.11.2020;Sampaio Correa;Chapecoense-SC;1;1;1;3;2.96;2.87;2.55;2.7;https://www.flashscore.com/match/SCDnyth6/#/match-summary
BRAZIL;SERIE B;ROUND 22;2020;20.11.2020;Juventude;Parana;3;0;5;0;2.36;2.89;3.29;2.53;https://www.flashscore.com/match/faFvw2Ng/#/match-summary
BRAZIL;SERIE B;ROUND 22;2020;20.11.2020;Guarani;Botafogo SP;1;1;2;1;2.19;2.99;3.43;2.55;https://www.flashscore.com/match/W6cCq4pQ/#/match-summary
BRAZIL;SERIE B;ROUND 22;2020;20.11.2020;Cruzeiro;Figueirense;1;1;1;1;1.4;4.03;8.52;2.36;https://www.flashscore.com/match/x8GLMtwD/#/match-summary
BRAZIL;SERIE B;ROUND 22;2020;21.11.2020;Operario;America MG;0;1;0;1;3.82;2.86;2.17;2.86;https://www.flashscore.com/match/Sxqrvr8m/#/match-summary
BRAZIL;SERIE B;ROUND 22;2020;21.11.2020;Oeste;Brasil de Pelotas;2;0;2;1;3.16;2.8;2.51;2.91;https://www.flashscore.com/match/lnpvuOhs/#/match-summary
BRAZIL;SERIE B;ROUND 22;2020;21.11.2020;Cuiaba;CSA;0;1;0;1;2.09;2.99;3.88;2.27;https://www.flashscore.com/match/tGHjz07C/#/match-summary
BRAZIL;SERIE B;ROUND 22;2020;21.11.2020;CRB;Nautico;1;0;2;1;2.23;3.0;3.4;2.22;https://www.flashscore.com/match/I3g8ppVJ/#/match-summary
BRAZIL;SERIE B;ROUND 23;2020;23.11.2020;Figueirense;Sampaio Correa;1;0;1;2;3.15;2.97;2.31;2.59;https://www.flashscore.com/match/2V5aYwxP/#/match-summary
BRAZIL;SERIE B;ROUND 23;2020;23.11.2020;Botafogo SP;Avai;0;1;0;1;2.36;2.85;3.22;2.72;https://www.flashscore.com/match/zJzEi1xm/#/match-summary
BRAZIL;SERIE B;ROUND 23;2020;24.11.2020;Parana;Guarani;0;1;1;2;2.48;2.89;3.1;2.54;https://www.flashscore.com/match/ngvIjLig/#/match-summary
BRAZIL;SERIE B;ROUND 23;2020;24.11.2020;Ponte Preta;Oeste;0;0;1;0;1.53;3.7;6.35;2.13;https://www.flashscore.com/match/hfo9hsNt/#/match-summary
BRAZIL;SERIE B;ROUND 23;2020;24.11.2020;CSA;Operario;0;0;1;0;1.96;3.06;4.07;2.66;https://www.flashscore.com/match/joascNEP/#/match-summary
BRAZIL;SERIE B;ROUND 23;2020;24.11.2020;Confianca;Cuiaba;0;0;2;0;2.18;2.92;3.51;2.59;https://www.flashscore.com/match/xrXUmJyC/#/match-summary
BRAZIL;SERIE B;ROUND 23;2020;24.11.2020;Chapecoense-SC;Cruzeiro;0;0;0;1;2.3;2.86;3.33;3.17;https://www.flashscore.com/match/GYVYnwiI/#/match-summary
BRAZIL;SERIE B;ROUND 23;2020;24.11.2020;Brasil de Pelotas;CRB;0;0;2;1;2.67;2.67;3.0;2.93;https://www.flashscore.com/match/tGwMku7a/#/match-summary
BRAZIL;SERIE B;ROUND 23;2020;24.11.2020;America MG;Juventude;2;1;2;1;1.65;3.44;5.3;2.39;https://www.flashscore.com/match/Ov7eZJMI/#/match-summary
BRAZIL;SERIE B;ROUND 23;2020;25.11.2020;Nautico;Vitoria;0;0;0;0;3.04;3.04;2.34;2.11;https://www.flashscore.com/match/K6xQlaM5/#/match-summary
BRAZIL;SERIE B;ROUND 24;2020;26.11.2020;Figueirense;Botafogo SP;0;0;0;0;2.99;2.68;2.74;2.94;https://www.flashscore.com/match/ObZtoHLU/#/match-summary
BRAZIL;SERIE B;ROUND 24;2020;27.11.2020;Sampaio Correa;Brasil de Pelotas;0;0;0;1;1.73;3.34;4.85;2.21;https://www.flashscore.com/match/6owAp5nH/#/match-summary
BRAZIL;SERIE B;ROUND 24;2020;27.11.2020;Operario;Parana;0;0;1;0;2.37;2.75;3.36;3.16;https://www.flashscore.com/match/Gdpcm72b/#/match-summary
BRAZIL;SERIE B;ROUND 24;2020;27.11.2020;Oeste;America MG;1;1;1;1;7.4;3.83;1.44;2.4;https://www.flashscore.com/match/x6oglmmh/#/match-summary
BRAZIL;SERIE B;ROUND 24;2020;27.11.2020;Cruzeiro;Confianca;0;2;1;2;1.97;2.98;4.26;2.81;https://www.flashscore.com/match/AeVxnc6O/#/match-summary
BRAZIL;SERIE B;ROUND 24;2020;27.11.2020;Cuiaba;Avai;1;0;2;1;2.4;2.9;3.17;2.45;https://www.flashscore.com/match/rB0wTxHq/#/match-summary
BRAZIL;SERIE B;ROUND 24;2020;28.11.2020;CSA;Ponte Preta;0;1;2;1;2.29;2.99;3.35;2.57;https://www.flashscore.com/match/jkmoj9Iu/#/match-summary
BRAZIL;SERIE B;ROUND 24;2020;28.11.2020;Vitoria;CRB;2;1;2;1;2.12;3.05;3.57;2.15;https://www.flashscore.com/match/COw6ooXA/#/match-summary
BRAZIL;SERIE B;ROUND 24;2020;28.11.2020;Juventude;Nautico;0;0;1;0;1.81;3.5;4.24;1.85;https://www.flashscore.com/match/bLZ1nRH4/#/match-summary
BRAZIL;SERIE B;ROUND 24;2020;28.11.2020;Guarani;Chapecoense-SC;2;0;2;0;3.25;3.01;2.28;2.73;https://www.flashscore.com/match/UunkkTXo/#/match-summary
BRAZIL;SERIE B;ROUND 25;2020;30.11.2020;Brasil de Pelotas;Operario;0;0;0;0;2.54;2.74;3.13;3.32;https://www.flashscore.com/match/tGgpnINL/#/match-summary
BRAZIL;SERIE B;ROUND 25;2020;30.11.2020;Avai;Oeste;0;0;0;3;1.67;3.58;4.85;2.18;https://www.flashscore.com/match/vwfnRGod/#/match-summary
BRAZIL;SERIE B;ROUND 25;2020;01.12.2020;Chapecoense-SC;Cuiaba;0;0;1;0;1.76;3.14;5.13;2.57;https://www.flashscore.com/match/viZKuG0k/#/match-summary
BRAZIL;SERIE B;ROUND 25;2020;01.12.2020;Nautico;Guarani;1;0;2;0;2.82;3.04;2.51;2.24;https://www.flashscore.com/match/K6hloxwS/#/match-summary
BRAZIL;SERIE B;ROUND 25;2020;01.12.2020;CRB;CSA;0;0;0;0;3.11;2.89;2.43;2.62;https://www.flashscore.com/match/htrUk0Od/#/match-summary
BRAZIL;SERIE B;ROUND 25;2020;01.12.2020;Confianca;Figueirense;1;0;1;1;1.73;3.18;5.15;2.97;https://www.flashscore.com/match/QmVGtdoq/#/match-summary
BRAZIL;SERIE B;ROUND 25;2020;01.12.2020;Ponte Preta;Sampaio Correa;0;1;1;1;2.08;3.13;3.48;2.31;https://www.flashscore.com/match/jR0XlKw3/#/match-summary
BRAZIL;SERIE B;ROUND 25;2020;01.12.2020;Parana;Vitoria;0;1;1;4;2.48;2.77;3.12;2.65;https://www.flashscore.com/match/Ctktmb8F/#/match-summary
BRAZIL;SERIE B;ROUND 25;2020;02.12.2020;Botafogo SP;Juventude;0;0;1;1;2.46;3.01;2.95;2.39;https://www.flashscore.com/match/Ykjxlvg9/#/match-summary
BRAZIL;SERIE B;ROUND 25;2020;02.12.2020;America MG;Cruzeiro;0;1;1;2;2.13;2.96;3.63;2.82;https://www.flashscore.com/match/0nerSdWk/#/match-summary
BRAZIL;SERIE B;ROUND 26;2020;03.12.2020;Operario;Avai;0;0;1;1;2.34;2.93;3.18;2.69;https://www.flashscore.com/match/bDuGayhL/#/match-summary
BRAZIL;SERIE B;ROUND 26;2020;04.12.2020;Oeste;Guarani;0;0;0;1;3.42;3.08;2.15;2.32;https://www.flashscore.com/match/pAyC0HxF/#/match-summary
BRAZIL;SERIE B;ROUND 26;2020;04.12.2020;Vitoria;Confianca;1;1;2;3;2.36;3.07;2.98;2.17;https://www.flashscore.com/match/roHnfFFr/#/match-summary
BRAZIL;SERIE B;ROUND 26;2020;04.12.2020;Ponte Preta;Parana;1;1;2;1;1.75;3.35;4.66;2.4;https://www.flashscore.com/match/jmx81cN8/#/match-summary
BRAZIL;SERIE B;ROUND 26;2020;05.12.2020;Juventude;Chapecoense-SC;0;0;1;1;3.06;2.99;2.38;2.64;https://www.flashscore.com/match/txVKbe7R/#/match-summary
BRAZIL;SERIE B;ROUND 26;2020;05.12.2020;CSA;America MG;0;1;0;1;3.59;3.02;2.13;2.67;https://www.flashscore.com/match/Cdw42w82/#/match-summary
BRAZIL;SERIE B;ROUND 26;2020;05.12.2020;Sampaio Correa;CRB;2;0;3;0;2.12;3.1;3.56;2.27;https://www.flashscore.com/match/CKLjgZUl/#/match-summary
BRAZIL;SERIE B;ROUND 26;2020;05.12.2020;Cruzeiro;Brasil de Pelotas;3;1;4;1;1.57;3.47;6.32;2.71;https://www.flashscore.com/match/YDYOvzGe/#/match-summary
BRAZIL;SERIE B;ROUND 26;2020;05.12.2020;Cuiaba;Botafogo SP;0;0;2;0;2.44;3.0;2.96;2.63;https://www.flashscore.com/match/jBKfhgpe/#/match-summary
BRAZIL;SERIE B;ROUND 26;2020;06.12.2020;Figueirense;Nautico;0;0;2;0;2.67;2.93;2.76;2.51;https://www.flashscore.com/match/C4XSwfV1/#/match-summary
BRAZIL;SERIE B;ROUND 27;2020;08.12.2020;Juventude;Oeste;1;1;2;2;1.7;3.41;5.15;2.22;https://www.flashscore.com/match/jBtQ7Yqr/#/match-summary
BRAZIL;SERIE B;ROUND 27;2020;08.12.2020;Guarani;Operario;3;0;3;0;1.98;3.13;3.98;2.5;https://www.flashscore.com/match/x40kEz7E/#/match-summary
BRAZIL;SERIE B;ROUND 27;2020;08.12.2020;Botafogo SP;Ponte Preta;1;0;2;1;3.14;2.99;2.39;2.62;https://www.flashscore.com/match/fuefDfMK/#/match-summary
BRAZIL;SERIE B;ROUND 27;2020;08.12.2020;America MG;Sampaio Correa;1;1;2;1;1.52;3.9;6.28;2.03;https://www.flashscore.com/match/YZ9aiDa1/#/match-summary
BRAZIL;SERIE B;ROUND 27;2020;08.12.2020;Cuiaba;Vitoria;1;1;3;3;2.32;3.24;2.97;1.87;https://www.flashscore.com/match/QTYx5WT0/#/match-summary
BRAZIL;SERIE B;ROUND 27;2020;08.12.2020;CRB;Cruzeiro;0;0;0;0;3.63;3.02;2.13;2.54;https://www.flashscore.com/match/bD1oFGi8/#/match-summary
BRAZIL;SERIE B;ROUND 27;2020;08.12.2020;Confianca;CSA;1;2;1;5;2.31;2.86;3.45;2.64;https://www.flashscore.com/match/nwzZ5CEf/#/match-summary
BRAZIL;SERIE B;ROUND 27;2020;08.12.2020;Avai;Chapecoense-SC;0;1;0;2;3.3;2.82;2.38;2.98;https://www.flashscore.com/match/pAD3jXE7/#/match-summary
BRAZIL;SERIE B;ROUND 27;2020;09.12.2020;Parana;Figueirense;0;0;0;2;2.21;2.8;3.79;2.99;https://www.flashscore.com/match/YVgbCEyR/#/match-summary
BRAZIL;SERIE B;ROUND 27;2020;10.12.2020;Nautico;Brasil de Pelotas;1;0;1;0;2.04;2.93;4.02;2.56;https://www.flashscore.com/match/4EpU6hal/#/match-summary
BRAZIL;SERIE B;ROUND 28;2020;11.12.2020;Operario;Sampaio Correa;1;0;1;1;2.57;2.95;2.91;2.51;https://www.flashscore.com/match/AZF2LiEs/#/match-summary
BRAZIL;SERIE B;ROUND 28;2020;11.12.2020;Ponte Preta;Avai;1;1;1;2;1.8;3.48;4.33;2.12;https://www.flashscore.com/match/E3UWQDjK/#/match-summary
BRAZIL;SERIE B;ROUND 28;2020;11.12.2020;CSA;Oeste;2;0;2;1;1.59;3.71;5.56;1.99;https://www.flashscore.com/match/00QSRgyE/#/match-summary
BRAZIL;SERIE B;ROUND 28;2020;11.12.2020;Vitoria;Cruzeiro;0;1;0;1;3.03;2.89;2.44;2.3;https://www.flashscore.com/match/619BJVrf/#/match-summary
BRAZIL;SERIE B;ROUND 28;2020;12.12.2020;Figueirense;Cuiaba;0;0;1;0;3.02;2.95;2.4;2.51;https://www.flashscore.com/match/benp3AbD/#/match-summary
BRAZIL;SERIE B;ROUND 28;2020;12.12.2020;America MG;Parana;0;0;1;0;1.45;3.86;7.44;2.2;https://www.flashscore.com/match/K4mt4jq7/#/match-summary
BRAZIL;SERIE B;ROUND 28;2020;12.12.2020;Confianca;Juventude;0;1;0;1;1.93;3.15;4.07;2.22;https://www.flashscore.com/match/0O8FIkb0/#/match-summary
BRAZIL;SERIE B;ROUND 28;2020;12.12.2020;Chapecoense-SC;CRB;2;0;3;2;1.76;3.22;4.84;2.52;https://www.flashscore.com/match/CbCJH9D6/#/match-summary
BRAZIL;SERIE B;ROUND 28;2020;13.12.2020;Botafogo SP;Nautico;1;0;1;1;2.3;2.89;3.32;2.59;https://www.flashscore.com/match/8QTzQX5Q/#/match-summary
BRAZIL;SERIE B;ROUND 28;2020;13.12.2020;Brasil de Pelotas;Guarani;1;0;3;1;3.11;2.78;2.51;3.03;https://www.flashscore.com/match/SAA7KBTm/#/match-summary
BRAZIL;SERIE B;ROUND 29;2020;14.12.2020;Operario;Ponte Preta;1;0;1;0;2.99;2.86;2.55;2.65;https://www.flashscore.com/match/fLAnLrKb/#/match-summary
BRAZIL;SERIE B;ROUND 29;2020;15.12.2020;Oeste;Cuiaba;0;1;0;2;3.01;3.04;2.43;2.26;https://www.flashscore.com/match/tI6rMO4h/#/match-summary
BRAZIL;SERIE B;ROUND 29;2020;15.12.2020;Sampaio Correa;Avai;0;1;0;1;1.97;3.31;3.8;2.11;https://www.flashscore.com/match/nyPeH0JN/#/match-summary
BRAZIL;SERIE B;ROUND 29;2020;15.12.2020;Vitoria;Juventude;1;0;1;0;2.12;3.24;3.32;2.09;https://www.flashscore.com/match/8pQiIt4H/#/match-summary
BRAZIL;SERIE B;ROUND 29;2020;15.12.2020;Cruzeiro;CSA;0;1;1;1;1.9;3.13;4.31;2.68;https://www.flashscore.com/match/fN1OGTSC/#/match-summary
BRAZIL;SERIE B;ROUND 29;2020;16.12.2020;Brasil de Pelotas;Botafogo SP;0;0;0;0;2.47;2.89;3.09;2.95;https://www.flashscore.com/match/SY8fJMlB/#/match-summary
BRAZIL;SERIE B;ROUND 29;2020;16.12.2020;Guarani;Confianca;1;0;1;0;2.4;2.88;3.25;2.52;https://www.flashscore.com/match/bgHwN4kn/#/match-summary
BRAZIL;SERIE B;ROUND 29;2020;16.12.2020;Chapecoense-SC;Nautico;0;0;0;0;1.7;3.41;5.06;2.28;https://www.flashscore.com/match/tbOaGKYT/#/match-summary
BRAZIL;SERIE B;ROUND 29;2020;17.12.2020;Figueirense;America MG;1;1;1;2;4.87;3.05;1.81;2.77;https://www.flashscore.com/match/YD0SFmrJ/#/match-summary
BRAZIL;SERIE B;ROUND 29;2020;17.12.2020;CRB;Parana;0;1;0;2;2.12;2.89;3.72;2.9;https://www.flashscore.com/match/K2IZNpzt/#/match-summary
BRAZIL;SERIE B;ROUND 30;2020;18.12.2020;Oeste;Vitoria;1;0;2;1;2.79;3.12;2.54;2.11;https://www.flashscore.com/match/6udMXL34/#/match-summary
BRAZIL;SERIE B;ROUND 30;2020;18.12.2020;Juventude;CSA;1;0;1;0;2.54;2.9;2.96;2.43;https://www.flashscore.com/match/nk4UVaYG/#/match-summary
BRAZIL;SERIE B;ROUND 30;2020;18.12.2020;Avai;Cruzeiro;0;1;1;1;3.63;3.07;2.11;2.52;https://www.flashscore.com/match/KOgAzOJo/#/match-summary
BRAZIL;SERIE B;ROUND 30;2020;18.12.2020;Cuiaba;Operario;1;0;2;0;1.77;3.23;4.94;2.38;https://www.flashscore.com/match/0dp5PcBp/#/match-summary
BRAZIL;SERIE B;ROUND 30;2020;19.12.2020;Nautico;Sampaio Correa;0;0;1;0;2.17;3.25;3.31;2.02;https://www.flashscore.com/match/tC3YUJmN/#/match-summary
BRAZIL;SERIE B;ROUND 30;2020;19.12.2020;Confianca;Ponte Preta;1;1;1;2;2.4;2.96;3.19;2.67;https://www.flashscore.com/match/K22xUw3T/#/match-summary
BRAZIL;SERIE B;ROUND 30;2020;20.12.2020;America MG;Chapecoense-SC;0;1;2;2;1.99;2.91;4.36;2.73;https://www.flashscore.com/match/IJFRBvso/#/match-summary
BRAZIL;SERIE B;ROUND 30;2020;20.12.2020;Guarani;Figueirense;2;1;2;2;1.79;3.24;4.77;2.46;https://www.flashscore.com/match/SlcIY1lb/#/match-summary
BRAZIL;SERIE B;ROUND 30;2020;20.12.2020;CRB;Botafogo SP;0;0;1;0;2.21;2.86;3.67;2.76;https://www.flashscore.com/match/bFhEZsZi/#/match-summary
BRAZIL;SERIE B;ROUND 30;2020;21.12.2020;Parana;Brasil de Pelotas;0;0;0;1;2.35;2.64;3.71;3.47;https://www.flashscore.com/match/l4oRWuJA/#/match-summary
BRAZIL;SERIE B;ROUND 31;2020;22.12.2020;Operario;Juventude;1;0;3;0;2.46;2.91;3.04;2.67;https://www.flashscore.com/match/zZO7qJ2G/#/match-summary
BRAZIL;SERIE B;ROUND 31;2020;22.12.2020;CSA;Vitoria;2;0;3;0;1.98;3.34;3.65;1.97;https://www.flashscore.com/match/6gyenLIc/#/match-summary
BRAZIL;SERIE B;ROUND 31;2020;22.12.2020;Ponte Preta;Cruzeiro;0;1;2;1;2.73;2.85;2.73;2.72;https://www.flashscore.com/match/lIQaouY3/#/match-summary
BRAZIL;SERIE B;ROUND 31;2020;22.12.2020;Nautico;Cuiaba;0;0;2;0;2.29;3.18;3.0;2.15;https://www.flashscore.com/match/dlDGscXS/#/match-summary
BRAZIL;SERIE B;ROUND 31;2020;23.12.2020;Sampaio Correa;Guarani;0;0;0;1;2.42;3.05;2.93;2.27;https://www.flashscore.com/match/Y94rwHup/#/match-summary
BRAZIL;SERIE B;ROUND 31;2020;23.12.2020;Botafogo SP;Oeste;1;0;1;1;2.02;3.12;3.84;2.45;https://www.flashscore.com/match/S8P3pamA/#/match-summary
BRAZIL;SERIE B;ROUND 31;2020;26.12.2020;Figueirense;Avai;2;0;2;0;2.99;2.91;2.46;2.58;https://www.flashscore.com/match/hjXjm13i/#/match-summary
BRAZIL;SERIE B;ROUND 31;2020;26.12.2020;America MG;CRB;1;0;1;0;1.67;3.46;5.07;2.29;https://www.flashscore.com/match/vmq9OHQj/#/match-summary
BRAZIL;SERIE B;ROUND 31;2020;28.12.2020;Brasil de Pelotas;Confianca;1;0;1;0;2.56;2.64;3.17;3.3;https://www.flashscore.com/match/EPNBrwIM/#/match-summary
BRAZIL;SERIE B;ROUND 31;2020;28.12.2020;Chapecoense-SC;Parana;2;0;2;0;1.89;2.96;4.54;3.08;https://www.flashscore.com/match/SW3nxyej/#/match-summary
BRAZIL;SERIE B;ROUND 32;2020;29.12.2020;Avai;CRB;0;0;0;1;2.4;3.03;2.97;2.48;https://www.flashscore.com/match/runZavmc/#/match-summary
BRAZIL;SERIE B;ROUND 32;2020;29.12.2020;Cruzeiro;Cuiaba;0;0;0;0;1.62;3.48;5.64;2.37;https://www.flashscore.com/match/6N2jyeAd/#/match-summary
BRAZIL;SERIE B;ROUND 32;2020;30.12.2020;Juventude;Ponte Preta;0;0;2;1;2.72;2.97;2.62;2.34;https://www.flashscore.com/match/lrxfeG1S/#/match-summary
BRAZIL;SERIE B;ROUND 32;2020;02.01.2021;CSA;Sampaio Correa;0;0;2;1;1.9;3.32;4.08;2.24;https://www.flashscore.com/match/MVpwab23/#/match-summary
BRAZIL;SERIE B;ROUND 32;2020;02.01.2021;Oeste;Figueirense;2;0;2;1;2.36;3.04;3.01;2.26;https://www.flashscore.com/match/SSmocxXF/#/match-summary
BRAZIL;SERIE B;ROUND 32;2020;02.01.2021;Guarani;America MG;0;1;0;1;3.5;2.9;2.2;2.68;https://www.flashscore.com/match/GhpsbIH9/#/match-summary
BRAZIL;SERIE B;ROUND 32;2020;03.01.2021;Chapecoense-SC;Brasil de Pelotas;0;0;0;0;1.71;3.2;5.28;2.68;https://www.flashscore.com/match/2kIUlEvd/#/match-summary
BRAZIL;SERIE B;ROUND 32;2020;03.01.2021;Vitoria;Operario;1;1;1;1;1.98;3.18;3.73;2.09;https://www.flashscore.com/match/tzULjzAq/#/match-summary
BRAZIL;SERIE B;ROUND 32;2020;04.01.2021;Parana;Botafogo SP;0;1;1;1;2.06;2.89;3.94;3.05;https://www.flashscore.com/match/AiwjddnM/#/match-summary
BRAZIL;SERIE B;ROUND 32;2020;04.01.2021;Confianca;Nautico;0;0;2;0;2.33;2.94;3.17;2.76;https://www.flashscore.com/match/KQSPkfPk/#/match-summary
BRAZIL;SERIE B;ROUND 33;2020;05.01.2021;Guarani;Ponte Preta;0;1;1;1;2.67;2.93;2.81;2.48;https://www.flashscore.com/match/z9uHAe1F/#/match-summary
BRAZIL;SERIE B;ROUND 33;2020;05.01.2021;Cuiaba;Juventude;1;0;1;0;2.15;3.04;3.53;2.31;https://www.flashscore.com/match/Ama5l5pD/#/match-summary
BRAZIL;SERIE B;ROUND 33;2020;08.01.2021;Brasil de Pelotas;Avai;0;0;0;1;2.29;3.0;3.28;2.82;https://www.flashscore.com/match/Kb6hi70f/#/match-summary
BRAZIL;SERIE B;ROUND 33;2020;08.01.2021;Operario;Oeste;0;0;2;0;1.84;3.19;4.41;2.41;https://www.flashscore.com/match/6e2lhmol/#/match-summary
BRAZIL;SERIE B;ROUND 33;2020;08.01.2021;Nautico;Parana;1;1;2;1;2.12;3.02;3.53;2.41;https://www.flashscore.com/match/2NecjRF0/#/match-summary
BRAZIL;SERIE B;ROUND 33;2020;08.01.2021;CRB;Confianca;0;0;2;0;2.25;2.83;3.53;2.77;https://www.flashscore.com/match/8n9KByn9/#/match-summary
BRAZIL;SERIE B;ROUND 33;2020;08.01.2021;Sampaio Correa;Cruzeiro;0;1;0;1;3.39;2.92;2.24;2.94;https://www.flashscore.com/match/tEf1koV6/#/match-summary
BRAZIL;SERIE B;ROUND 33;2020;08.01.2021;Figueirense;CSA;0;0;0;0;3.28;2.99;2.25;2.56;https://www.flashscore.com/match/UeAGCHW2/#/match-summary
BRAZIL;SERIE B;ROUND 33;2020;09.01.2021;America MG;Vitoria;2;0;4;0;1.51;3.93;6.09;2.03;https://www.flashscore.com/match/GhMYmYg2/#/match-summary
BRAZIL;SERIE B;ROUND 33;2020;09.01.2021;Botafogo SP;Chapecoense-SC;2;0;3;0;3.62;2.98;2.1;2.67;https://www.flashscore.com/match/CY2pgTVs/#/match-summary
BRAZIL;SERIE B;ROUND 34;2020;11.01.2021;Ponte Preta;Cuiaba;1;0;2;2;2.02;3.12;3.74;2.32;https://www.flashscore.com/match/MRELjeRt/#/match-summary
BRAZIL;SERIE B;ROUND 34;2020;11.01.2021;CRB;Guarani;0;0;2;0;2.06;3.09;3.76;2.59;https://www.flashscore.com/match/4nSgeyJP/#/match-summary
BRAZIL;SERIE B;ROUND 34;2020;11.01.2021;Confianca;Operario;1;0;1;2;2.21;2.81;3.62;3.04;https://www.flashscore.com/match/4AAtnXuC/#/match-summary
BRAZIL;SERIE B;ROUND 34;2020;12.01.2021;Parana;CSA;2;0;2;0;2.83;2.87;2.71;2.8;https://www.flashscore.com/match/Ig8UlZeg/#/match-summary
BRAZIL;SERIE B;ROUND 34;2020;12.01.2021;Nautico;America MG;0;0;0;0;4.22;3.12;1.92;2.43;https://www.flashscore.com/match/j76xmDQ5/#/match-summary
BRAZIL;SERIE B;ROUND 34;2020;12.01.2021;Brasil de Pelotas;Juventude;2;1;2;1;2.84;2.83;2.72;2.92;https://www.flashscore.com/match/dp7YmgBa/#/match-summary
BRAZIL;SERIE B;ROUND 34;2020;12.01.2021;Botafogo SP;Sampaio Correa;0;1;2;1;2.5;2.88;3.07;2.59;https://www.flashscore.com/match/0IDPkFtm/#/match-summary
BRAZIL;SERIE B;ROUND 34;2020;12.01.2021;Chapecoense-SC;Figueirense;1;0;2;1;1.92;3.04;4.44;2.7;https://www.flashscore.com/match/nZaooieI/#/match-summary
BRAZIL;SERIE B;ROUND 34;2020;13.01.2021;Avai;Vitoria;1;0;2;2;2.15;3.14;3.38;2.1;https://www.flashscore.com/match/hCOkdH3J/#/match-summary
BRAZIL;SERIE B;ROUND 34;2020;13.01.2021;Cruzeiro;Oeste;0;1;0;1;1.52;3.81;6.2;2.21;https://www.flashscore.com/match/lvb9mPaJ/#/match-summary
BRAZIL;SERIE B;ROUND 35;2020;14.01.2021;Operario;CRB;1;1;3;2;2.22;2.87;3.63;2.81;https://www.flashscore.com/match/pURB1Cua/#/match-summary
BRAZIL;SERIE B;ROUND 35;2020;14.01.2021;Cuiaba;Guarani;2;0;4;0;1.59;3.66;6.16;2.21;https://www.flashscore.com/match/E9JScUvO/#/match-summary
BRAZIL;SERIE B;ROUND 35;2020;15.01.2021;Figueirense;Brasil de Pelotas;3;0;3;0;2.22;2.95;3.52;2.62;https://www.flashscore.com/match/hWnX8fmP/#/match-summary
BRAZIL;SERIE B;ROUND 35;2020;15.01.2021;Sampaio Correa;Parana;1;0;2;1;2.3;2.94;3.2;2.61;https://www.flashscore.com/match/KnKObAPH/#/match-summary
BRAZIL;SERIE B;ROUND 35;2020;15.01.2021;America MG;Botafogo SP;0;1;1;1;1.47;3.93;6.82;2.38;https://www.flashscore.com/match/QPbkpBAO/#/match-summary
BRAZIL;SERIE B;ROUND 35;2020;16.01.2021;CSA;Avai;1;0;1;1;1.75;3.42;4.51;2.25;https://www.flashscore.com/match/fuZb4Eet/#/match-summary
BRAZIL;SERIE B;ROUND 35;2020;16.01.2021;Juventude;Cruzeiro;1;0;1;0;2.36;2.99;3.08;2.6;https://www.flashscore.com/match/OKQF0Wf5/#/match-summary
BRAZIL;SERIE B;ROUND 35;2020;16.01.2021;Oeste;Confianca;0;1;0;1;3.65;3.17;2.16;2.36;https://www.flashscore.com/match/j7S72hQh/#/match-summary
BRAZIL;SERIE B;ROUND 35;2020;17.01.2021;Vitoria;Chapecoense-SC;0;0;0;0;2.81;3.04;2.53;2.35;https://www.flashscore.com/match/tdLKajAB/#/match-summary
BRAZIL;SERIE B;ROUND 35;2020;17.01.2021;Ponte Preta;Nautico;2;0;2;0;1.87;3.33;4.07;2.16;https://www.flashscore.com/match/x4O33YAn/#/match-summary
BRAZIL;SERIE B;ROUND 36;2020;19.01.2021;Brasil de Pelotas;America MG;0;0;0;0;5.1;3.37;1.72;2.41;https://www.flashscore.com/match/K0acD9vB/#/match-summary
BRAZIL;SERIE B;ROUND 36;2020;19.01.2021;CRB;Figueirense;3;0;5;1;1.9;3.15;4.32;2.38;https://www.flashscore.com/match/G82tHiun/#/match-summary
BRAZIL;SERIE B;ROUND 36;2020;19.01.2021;Confianca;Sampaio Correa;0;0;0;1;2.06;3.15;3.72;2.48;https://www.flashscore.com/match/hEc5Bm9N/#/match-summary
BRAZIL;SERIE B;ROUND 36;2020;19.01.2021;Botafogo SP;CSA;0;1;1;3;3.62;3.09;2.11;2.58;https://www.flashscore.com/match/OY5lFV9b/#/match-summary
BRAZIL;SERIE B;ROUND 36;2020;19.01.2021;Avai;Juventude;4;2;5;2;2.46;3.04;2.97;2.33;https://www.flashscore.com/match/xI3xIXPu/#/match-summary
BRAZIL;SERIE B;ROUND 36;2020;19.01.2021;Parana;Cuiaba;0;1;0;2;2.97;2.96;2.46;2.63;https://www.flashscore.com/match/6cegEkP4/#/match-summary
BRAZIL;SERIE B;ROUND 36;2020;20.01.2021;Guarani;Vitoria;1;1;1;2;2.84;3.29;2.38;2.0;https://www.flashscore.com/match/pr7pGBfh/#/match-summary
BRAZIL;SERIE B;ROUND 36;2020;20.01.2021;Nautico;Oeste;3;0;4;1;1.46;4.06;6.73;1.91;https://www.flashscore.com/match/ENb1CTgH/#/match-summary
BRAZIL;SERIE B;ROUND 36;2020;20.01.2021;Cruzeiro;Operario;1;0;2;1;2.33;2.85;3.37;2.78;https://www.flashscore.com/match/CfxWdlfU/#/match-summary
BRAZIL;SERIE B;ROUND 36;2020;21.01.2021;Chapecoense-SC;Ponte Preta;0;0;1;0;2.03;3.12;3.7;2.35;https://www.flashscore.com/match/YPE2A7OT/#/match-summary
BRAZIL;SERIE B;ROUND 37;2020;22.01.2021;Juventude;Figueirense;0;0;2;1;1.97;3.31;3.76;2.01;https://www.flashscore.com/match/WKpXPnOG/#/match-summary
BRAZIL;SERIE B;ROUND 37;2020;22.01.2021;CSA;Brasil de Pelotas;0;1;1;1;1.3;4.77;9.66;1.73;https://www.flashscore.com/match/2ugGTUOi/#/match-summary
BRAZIL;SERIE B;ROUND 37;2020;22.01.2021;Cuiaba;Sampaio Correa;0;2;1;3;1.82;3.35;4.24;2.1;https://www.flashscore.com/match/IF196bNe/#/match-summary
BRAZIL;SERIE B;ROUND 37;2020;23.01.2021;Confianca;America MG;0;0;0;0;4.37;3.25;1.84;2.47;https://www.flashscore.com/match/Oh257v8k/#/match-summary
BRAZIL;SERIE B;ROUND 37;2020;23.01.2021;Avai;Guarani;1;0;2;1;2.07;3.18;3.49;2.2;https://www.flashscore.com/match/lxkCUA9o/#/match-summary
BRAZIL;SERIE B;ROUND 37;2020;24.01.2021;Cruzeiro;Nautico;0;0;0;0;2.37;2.78;3.35;2.73;https://www.flashscore.com/match/zZ0U5RWp/#/match-summary
BRAZIL;SERIE B;ROUND 37;2020;24.01.2021;Ponte Preta;CRB;2;0;3;1;2.18;3.21;3.24;2.03;https://www.flashscore.com/match/p4rLSlvb/#/match-summary
BRAZIL;SERIE B;ROUND 37;2020;25.01.2021;Operario;Chapecoense-SC;1;0;2;0;3.53;2.89;2.19;2.66;https://www.flashscore.com/match/hUoTQS8A/#/match-summary
BRAZIL;SERIE B;ROUND 37;2020;26.01.2021;Oeste;Parana;0;0;1;0;3.9;3.17;2.0;2.29;https://www.flashscore.com/match/OfsPR8g4/#/match-summary
BRAZIL;SERIE B;ROUND 37;2020;26.01.2021;Vitoria;Botafogo SP;0;0;1;0;1.76;3.3;4.91;2.27;https://www.flashscore.com/match/CIb18Khq/#/match-summary
BRAZIL;SERIE B;ROUND 38;2020;29.01.2021;Figueirense;Ponte Preta;1;4;2;7;2.18;3.47;3.02;1.55;https://www.flashscore.com/match/YNqdU1F2/#/match-summary
BRAZIL;SERIE B;ROUND 38;2020;29.01.2021;Sampaio Correa;Oeste;0;0;1;0;1.31;4.76;8.95;1.73;https://www.flashscore.com/match/xvynKHie/#/match-summary
BRAZIL;SERIE B;ROUND 38;2020;29.01.2021;CRB;Cuiaba;2;0;4;1;1.91;3.4;3.8;1.81;https://www.flashscore.com/match/CEr0TLU8/#/match-summary
BRAZIL;SERIE B;ROUND 38;2020;29.01.2021;Botafogo SP;Operario;0;1;0;1;2.82;2.91;2.64;2.62;https://www.flashscore.com/match/Kvn8RaaL/#/match-summary
BRAZIL;SERIE B;ROUND 38;2020;29.01.2021;Parana;Cruzeiro;0;0;0;0;2.98;3.0;2.47;2.37;https://www.flashscore.com/match/23yDQJER/#/match-summary
BRAZIL;SERIE B;ROUND 38;2020;29.01.2021;Nautico;CSA;1;0;1;1;3.19;3.25;2.2;2.06;https://www.flashscore.com/match/bmxrLcxk/#/match-summary
BRAZIL;SERIE B;ROUND 38;2020;29.01.2021;Guarani;Juventude;0;1;0;1;3.24;3.32;2.1;1.87;https://www.flashscore.com/match/6yr4SupF/#/match-summary
BRAZIL;SERIE B;ROUND 38;2020;29.01.2021;Chapecoense-SC;Confianca;1;0;3;1;1.55;3.69;6.14;2.2;https://www.flashscore.com/match/K2QjJy71/#/match-summary
BRAZIL;SERIE B;ROUND 38;2020;29.01.2021;Brasil de Pelotas;Vitoria;0;0;0;1;1.88;3.43;3.98;1.98;https://www.flashscore.com/match/4CNvMwNr/#/match-summary
BRAZIL;SERIE B;ROUND 38;2020;29.01.2021;America MG;Avai;2;0;2;1;1.42;4.36;6.88;1.91;https://www.flashscore.com/match/d60D5Ix2/#/match-summary
